app,model,seed,path,label,final_value,cagr,volatility,sharpe,sortino,max_drawdown
trading,baseline,,historical,historical,1149370.6471237184,0.04100400542422955,0.03359556343582609,1.2130231363596997,1.6857611242040358,-0.045697974835015746
trading,baseline,,path_000,path_000,1267390.151275351,0.12712153294345718,0.1006132986429698,1.2399627370252226,1.5861950668667137,-0.11271142568035573
trading,baseline,,path_001,path_001,1264668.279313854,0.1258984409303634,0.06766524685971496,1.7866082931938865,2.747312107765004,-0.05816145641435762
trading,baseline,,path_002,path_002,1141709.314911544,0.06921766821473141,0.05721611003063406,1.1985140389660722,1.3859814773349117,-0.048248884562188635
trading,baseline,,path_003,path_003,1246827.796623733,0.11784922555951449,0.0838995497616729,1.3703266060294288,1.4360582797391281,-0.08525486594289815
trading,baseline,,path_004,path_004,1117940.0369666573,0.05791757646135931,0.072690396475389,0.8110827139268142,0.9100784453097899,-0.07153203272888468
trading,baseline,,path_005,path_005,946475.8075921348,-0.02739820437560736,0.06446725303274956,-0.3986472930151973,-0.4654622304165952,-0.10165441073219762
trading,baseline,,path_006,path_006,1093338.8026943505,0.04609600343789122,0.08209008587740671,0.5901023576063184,0.6982925880214809,-0.15393758341006628
trading,baseline,,path_007,path_007,1204244.2180107066,0.09840288901434735,0.0764323839899479,1.2663890610154391,1.6187319641853486,-0.053076406158959935
trading,baseline,,path_008,path_008,1169646.9045748531,0.08235155069173405,0.07760754050162033,1.0587620229019612,1.149714407284909,-0.07696710748843212
trading,baseline,,path_009,path_009,1047070.7656495412,0.02350059019819084,0.059174687466497886,0.4221369799172972,0.5688977166797166,-0.050247958433135474
trading,baseline,,path_010,path_010,1166712.1433745883,0.08097922789433754,0.08224633354444952,0.988068895320069,1.1281258658228215,-0.09756197617803773
trading,baseline,,path_011,path_011,1200978.6879905716,0.09689769481399901,0.08654933337650192,1.1121261626951036,1.3132437223935352,-0.09006483738559182
trading,baseline,,path_012,path_012,1040512.449682334,0.020258095943120003,0.05898095339357468,0.3694952897725762,0.5280009953467675,-0.10013203067100265
trading,baseline,,path_013,path_013,1612402.2412838135,0.272846821623592,0.10088954234387065,2.4428865955973977,3.0574825265213246,-0.061882823262478376
trading,baseline,,path_014,path_014,1194283.612223739,0.09380535815911295,0.06954649910754934,1.3242046583047893,1.724425417432105,-0.08723553563092877
trading,baseline,,path_015,path_015,1252831.0158098706,0.12056406630905725,0.08442216141524497,1.3907683748316473,1.8943233035935216,-0.07014155920650281
trading,baseline,,path_016,path_016,1116227.369430218,0.05709878907283161,0.06452083048547692,0.89298071290914,1.05086609234314,-0.05117808444330058
trading,baseline,,path_017,path_017,1396962.3178342157,0.18391282162975986,0.07642039243344863,2.2480924796348907,2.877553645785511,-0.06212461844567318
trading,baseline,,path_018,path_018,1070091.5409048686,0.03480344277097225,0.05783950881376771,0.6204526436890098,0.7816257727568132,-0.06439512789690323
trading,baseline,,path_019,path_019,1139476.2318643918,0.0681610311550147,0.07123261990090983,0.9613978087649052,1.2098740806398978,-0.12945923812427979
trading,ppo,0.0,historical,historical,2226480.770549529,0.25992186841672704,0.21839345317015327,1.166617560904875,1.663268929738621,-0.2688857512776401
trading,ppo,0.0,path_000,path_000,1808808.0437516884,0.34891872016448366,0.27747060408146346,1.2182360402696666,1.5395576016879446,-0.233780290914469
trading,ppo,0.0,path_001,path_001,2162801.3889113376,0.4763412689217761,0.20430953646723787,2.009680298427925,3.0782689360343136,-0.18852037024480453
trading,ppo,0.0,path_002,path_002,1508280.0035230324,0.2306517820369054,0.21341250617477026,1.0809126145803738,1.1799493992679078,-0.18904602972821055
trading,ppo,0.0,path_003,path_003,1818078.9385369164,0.3524058257242235,0.2492298922162581,1.3384850543253137,1.4645984565968395,-0.21761490285401874
trading,ppo,0.0,path_004,path_004,1544953.7880090866,0.24567347603807344,0.244803826306602,1.0219972953006027,1.1483849378871753,-0.19550520604731536
trading,ppo,0.0,path_005,path_005,1049714.9832209018,0.024805072114316706,0.2696947343588849,0.22650973575906885,0.27323002316866957,-0.3708208032433852
trading,ppo,0.0,path_006,path_006,1405056.1378538043,0.18737195382419958,0.2621041262798814,0.7872798356443194,0.9383279940538085,-0.39772015538901895
trading,ppo,0.0,path_007,path_007,1790716.8977777907,0.34208844085541346,0.24302212958098887,1.3328450197542419,1.7732800035669234,-0.19621056069983955
trading,ppo,0.0,path_008,path_008,1506055.817901246,0.22973496467886645,0.23995233293298918,0.9830996737440529,1.1395198009655632,-0.27629873956328693
trading,ppo,0.0,path_009,path_009,897525.4471926026,-0.05313481416661214,0.22905507998076355,-0.12346026827070108,-0.1668467568855038,-0.23002520100560936
trading,ppo,0.0,path_010,path_010,1739400.523384717,0.32252595817874385,0.2429395448830711,1.2733802037337512,1.5057220484414282,-0.24568075301843892
trading,ppo,0.0,path_011,path_011,1837843.0074283353,0.35981051637449046,0.25558341210205093,1.331322156852723,1.6551315339045094,-0.1669469792150211
trading,ppo,0.0,path_012,path_012,1200317.098185495,0.0965924988079141,0.20590573242306331,0.5508165920774377,0.7856097748972463,-0.3192402984629529
trading,ppo,0.0,path_013,path_013,3241977.8984822375,0.8111907582515501,0.24466854829566126,2.5530415932164736,3.3117631385717017,-0.14317527364541655
trading,ppo,0.0,path_014,path_014,1729832.6879164819,0.3188471193172453,0.23186031465568885,1.3105190655963606,1.6445080464209259,-0.2594917939816796
trading,ppo,0.0,path_015,path_015,1800025.227260124,0.3456070279845893,0.25018434998392414,1.3116956765445469,1.79924117680752,-0.18803690515462107
trading,ppo,0.0,path_016,path_016,1415405.3142575892,0.19178064183582455,0.22067099800283152,0.9059529452515361,1.1202134467443532,-0.19704277683103938
trading,ppo,0.0,path_017,path_017,1639536.2558927808,0.2836193908113558,0.22505621266360096,1.2230574125076434,1.4783667991383829,-0.17894359132016893
trading,ppo,0.0,path_018,path_018,1070921.6419790094,0.035208750186223936,0.21910841747824444,0.2686977572471434,0.31316840397811696,-0.2649540009814278
trading,ppo,0.0,path_019,path_019,1595336.4662424496,0.26602546219259504,0.22765384994828905,1.150124347290205,1.605005918890669,-0.32197008003108535
trading,sac,0.0,historical,historical,2008673.3007284002,0.2230317685652643,0.17561395008071845,1.2343364521625992,1.7158917484708733,-0.21766119306973356
trading,sac,0.0,path_000,path_000,2288521.8772360217,0.5190739362314227,0.24841153643265934,1.8080844725434062,2.66196612909354,-0.20960557436191937
trading,sac,0.0,path_001,path_001,1977210.4805292056,0.4109436940969873,0.20199737649330818,1.8059765977085886,2.8028643101784976,-0.18855707720047385
trading,sac,0.0,path_002,path_002,1816131.2273951448,0.35167395557026904,0.20076154247160397,1.6026078362910312,2.074274715562191,-0.1311291873773274
trading,sac,0.0,path_003,path_003,1856050.082980601,0.3665970697524148,0.22829361830990644,1.4849460001687118,1.6338396912940965,-0.20511787664394796
trading,sac,0.0,path_004,path_004,1315336.4536107427,0.1484571747355743,0.20762970879805873,0.7715640752758944,0.9660410460557987,-0.15744352266176978
trading,sac,0.0,path_005,path_005,836736.6023701695,-0.08608342932933122,0.27664235916002894,-0.18546878656801524,-0.2153679686343238,-0.32945519264847284
trading,sac,0.0,path_006,path_006,1416743.9321374092,0.1923497181411411,0.24158405527662952,0.8495804318123331,1.0864701947705264,-0.3472132322050385
trading,sac,0.0,path_007,path_007,1595787.4906709327,0.26620620450043075,0.2360922497784257,1.1182467089110746,1.4638558591884967,-0.18357813474706572
trading,sac,0.0,path_008,path_008,1782637.9011115963,0.3390272008360893,0.25014572884358893,1.2942611734584102,1.4581182616213586,-0.22774175614699557
trading,sac,0.0,path_009,path_009,1362121.6460915715,0.16890810940292944,0.2169171192349645,0.8289142298602556,1.0210892837996606,-0.17858714329668365
trading,sac,0.0,path_010,path_010,1650102.1571945434,0.2877903003368274,0.23112574772775044,1.2105750003621045,1.5480529702351327,-0.2332431770741991
trading,sac,0.0,path_011,path_011,1754182.7495736224,0.3281900968622884,0.24251286476137704,1.2928125654574092,1.605718543070946,-0.2142701864373945
trading,sac,0.0,path_012,path_012,1357860.5768649545,0.16706003394401003,0.21342922311649964,0.8306898683947351,1.200075860014126,-0.2819015663531226
trading,sac,0.0,path_013,path_013,2544078.0335873486,0.6024959095757649,0.23325983968325442,2.139935253912791,2.898462581562412,-0.14205094541156385
trading,sac,0.0,path_014,path_014,1641703.5030444055,0.28447599790950573,0.23421789600360082,1.1864455977021202,1.6077930158428717,-0.274702288020569
trading,sac,0.0,path_015,path_015,1648621.9153404098,0.2872067699906795,0.2422827156473732,1.1631021348170194,1.6417075665762257,-0.20154564903936975
trading,sac,0.0,path_016,path_016,1204820.1146510588,0.09866812976233197,0.22745200207347677,0.5280259248179168,0.6416947425893391,-0.2910244379663607
trading,sac,0.0,path_017,path_017,2772848.224689772,0.673717349249171,0.22285836803193512,2.4252040032065456,3.1271112916140402,-0.16216799140523416
trading,sac,0.0,path_018,path_018,1486334.192031238,0.22157613942212961,0.21852200193743396,1.0259748482832318,1.3648707524919392,-0.21408653682159315
trading,sac,0.0,path_019,path_019,1720306.2780235065,0.31517418825524457,0.22586187328756313,1.326886970498808,1.74176917751029,-0.32416198300845683
portfolio,baseline,,historical,historical,2622853.874622535,0.32094046434510326,0.1629633612775459,1.789973244566449,2.5736304134867205,-0.19427319501693155
portfolio,baseline,,path_000,path_000,1999127.2447527254,0.418820437192412,0.22987597533447302,1.6374807219404832,2.2808484241521954,-0.21049619503483752
portfolio,baseline,,path_001,path_001,2081495.460352164,0.4480474777695007,0.18845271511163536,2.0596448090091255,3.224208545593611,-0.13628279529394455
portfolio,baseline,,path_002,path_002,1562575.0005738134,0.25282837933868496,0.19300863379008754,1.2653886094712372,1.5436369445940108,-0.1512825087773403
portfolio,baseline,,path_003,path_003,1840494.7140717134,0.36080098439197417,0.2122033937738653,1.5603629861978685,1.6637140889308446,-0.2020965172531397
portfolio,baseline,,path_004,path_004,1448865.1748855184,0.2059262264033066,0.19513523603527178,1.0581274545463355,1.3216958831288859,-0.13237237940695193
portfolio,baseline,,path_005,path_005,808981.795459814,-0.10152055560387063,0.2582044571412558,-0.2842405539182795,-0.33422549905820087,-0.3411277013436814
portfolio,baseline,,path_006,path_006,1417398.077510143,0.19262771311293259,0.23400596055438003,0.8706150295491293,1.0652305905166386,-0.3483769185226442
portfolio,baseline,,path_007,path_007,1683811.0852533926,0.30100934619990327,0.21989391287960414,1.3072349649244475,1.7137776837465735,-0.1501129910688822
portfolio,baseline,,path_008,path_008,1713129.5895283252,0.3124005443737665,0.2284674080045069,1.3059965001079468,1.454170684154216,-0.2192006557560746
portfolio,baseline,,path_009,path_009,1173785.2876430785,0.08428380575652916,0.19933608831130675,0.5060387213039637,0.6821328319350278,-0.16638104471743748
portfolio,baseline,,path_010,path_010,1695454.637047928,0.30554490896216024,0.22084492878679504,1.318768330185483,1.5968204587967956,-0.2152973571457612
portfolio,baseline,,path_011,path_011,1644734.0719563917,0.28567289592511136,0.22430307384933648,1.2332775013654953,1.565700143608319,-0.18309664062346753
portfolio,baseline,,path_012,path_012,1127318.695142386,0.06239033159958085,0.19719581259570831,0.4056023826567548,0.57229106435258,-0.332525364941551
portfolio,baseline,,path_013,path_013,2946587.8968529217,0.7258816050277885,0.21632000046929187,2.633456320898457,3.6148101530073564,-0.10824248390007701
portfolio,baseline,,path_014,path_014,1699347.6550906461,0.3070579317236799,0.21413914637092052,1.3582357427532359,1.773317024533844,-0.22812479084908846
portfolio,baseline,,path_015,path_015,1759438.273796991,0.33019817114054906,0.22461565358865526,1.382848189062984,1.9129980918087222,-0.18795862742448294
portfolio,baseline,,path_016,path_016,1312954.0748168824,0.14740622106257661,0.21918587650847712,0.7375733934572586,0.900553775403237,-0.23581610471139958
portfolio,baseline,,path_017,path_017,2489290.1229816377,0.5849738606261992,0.20924254516132354,2.30813426560355,2.913759020233427,-0.1512598714661435
portfolio,baseline,,path_018,path_018,1266462.355882102,0.1267047678544062,0.20612565419915596,0.6824716680079604,0.8873268953202271,-0.18343279097666346
portfolio,baseline,,path_019,path_019,1594641.8867296109,0.26574706880403265,0.2176848930705185,1.1922259296546864,1.5210843660156017,-0.3111341853058269
portfolio,ppo,0.0,historical,historical,2587868.551710453,0.31583009172716725,0.16268713610981833,1.7688642236055154,2.550557792849097,-0.19315340982561466
portfolio,ppo,0.0,path_000,path_000,1961744.1656770783,0.40535916086078516,0.2288032009325497,1.6023500709632479,2.2362245067204083,-0.21150020465637867
portfolio,ppo,0.0,path_001,path_001,2063921.6163893982,0.44186041576344315,0.1876618069380595,2.044702800652294,3.176476092040734,-0.1388212024287991
portfolio,ppo,0.0,path_002,path_002,1534174.6987520678,0.24127681810092216,0.19316016151345414,1.216545460079257,1.4888099813571156,-0.1518925712612723
portfolio,ppo,0.0,path_003,path_003,1818369.2873878335,0.3525148936965685,0.21105890521808526,1.538652706173209,1.6530140876887565,-0.20200736995334548
portfolio,ppo,0.0,path_004,path_004,1420137.192056513,0.19379107727631517,0.19356934880327256,1.0128296119659037,1.2644430170249599,-0.1316173146643475
portfolio,ppo,0.0,path_005,path_005,811797.2600995331,-0.09994277766911797,0.25730373513157806,-0.2793108304726461,-0.3278053035217674,-0.3379473485355994
portfolio,ppo,0.0,path_006,path_006,1410711.715189223,0.1897831805805097,0.23257699755568428,0.8642335137054113,1.0592878626470879,-0.3473448123881976
portfolio,ppo,0.0,path_007,path_007,1654606.3275049469,0.28956431015680617,0.219368537706637,1.269515518590861,1.66412488458651,-0.15147831262422112
portfolio,ppo,0.0,path_008,path_008,1706489.5482020765,0.30982917669490906,0.2265385443766259,1.3064502463310357,1.4642614181757607,-0.2159938888230607
portfolio,ppo,0.0,path_009,path_009,1165744.6274101248,0.08052643361889977,0.19900938120401931,0.4890999833275237,0.6588008905516144,-0.1678030773584974
portfolio,ppo,0.0,path_010,path_010,1699302.3219425885,0.3070403228595848,0.21933819196228502,1.3315323340729814,1.614148595494506,-0.21526986614830304
portfolio,ppo,0.0,path_011,path_011,1610383.595389746,0.27204181858997134,0.2234505164787426,1.1893630873321153,1.5096070271605915,-0.18125732804761382
portfolio,ppo,0.0,path_012,path_012,1119441.6701055106,0.05863496239707633,0.19698359662779474,0.3878492633705333,0.5445241699270301,-0.33558032900776
portfolio,ppo,0.0,path_013,path_013,2908001.9768908406,0.7144308283021525,0.21528395420762464,2.614096124421201,3.5926613534509837,-0.10855446411029845
portfolio,ppo,0.0,path_014,path_014,1675912.468553376,0.29792372094016306,0.21267278716181703,1.3331248362287855,1.740402625303349,-0.22350089356237968
portfolio,ppo,0.0,path_015,path_015,1753438.2864576709,0.327905405555315,0.22341246577173013,1.3813665581051897,1.9058583987084938,-0.1847649970660943
portfolio,ppo,0.0,path_016,path_016,1287799.0968968058,0.13625131634947918,0.21791590379264575,0.6957425943939746,0.8485887605979547,-0.2442752749247023
portfolio,ppo,0.0,path_017,path_017,2477417.9872473436,0.5811518755667435,0.20925263801846708,2.2964822201542647,2.893726170411379,-0.15383505550081789
portfolio,ppo,0.0,path_018,path_018,1271126.5680501745,0.12879840217448857,0.20598808294396775,0.6918061130972356,0.8993740095279896,-0.18355387702676462
portfolio,ppo,0.0,path_019,path_019,1585055.1492914509,0.26189847356512397,0.21719653109158604,1.1803981174306604,1.499303246759299,-0.3130762304251538
portfolio,sac,0.0,historical,historical,2022006.2230533373,0.22536962289281015,0.21623713141627313,1.047942814795528,1.4852463263927436,-0.23201061413545568
portfolio,sac,0.0,path_000,path_000,1440851.710086683,0.2025532848280518,0.2697452865295373,0.8187438195396712,1.145845162205769,-0.24717494479498114
portfolio,sac,0.0,path_001,path_001,1908978.8085387573,0.3861408830069182,0.26110296622428053,1.3813912821514516,2.0586671191249346,-0.18212623798750702
portfolio,sac,0.0,path_002,path_002,1078629.1016212895,0.03896461534833384,0.23245080012200356,0.281238362048655,0.35221873792942154,-0.20090185051195988
portfolio,sac,0.0,path_003,path_003,1868393.840404354,0.37117938646724613,0.27701359087662175,1.2801953983391443,1.5659553531941728,-0.26519312002030576
portfolio,sac,0.0,path_004,path_004,1253390.8155847671,0.12081689647528893,0.24203879797747777,0.5930734348858857,0.7535415216208179,-0.2181597273134741
portfolio,sac,0.0,path_005,path_005,596037.7030628702,-0.2299640820427029,0.31666198011337354,-0.6645829424232184,-0.775580654159567,-0.4266097001557097
portfolio,sac,0.0,path_006,path_006,1299072.1687011425,0.1412635432018965,0.28768064494254925,0.6035090449457381,0.8047978291821968,-0.4540488919913494
portfolio,sac,0.0,path_007,path_007,1519910.304925246,0.23543497323483353,0.2843470747055019,0.8855143046134487,1.217054706596602,-0.17159837433593828
portfolio,sac,0.0,path_008,path_008,1372322.1892325457,0.1733206131553826,0.2744985554538518,0.7213462605981521,0.8148902604602932,-0.3443129960792407
portfolio,sac,0.0,path_009,path_009,1131258.806439562,0.06426390495212075,0.22098631073305344,0.39277357498717935,0.5227919296009421,-0.19186463359641137
portfolio,sac,0.0,path_010,path_010,1902650.9925628677,0.3838185909627996,0.2657012383819721,1.3556613148205592,1.8264031361281836,-0.21261034710621868
portfolio,sac,0.0,path_011,path_011,1542341.7909417811,0.24460947208582295,0.24482308012514775,1.016786149659776,1.3516808441906356,-0.16506761753144036
portfolio,sac,0.0,path_012,path_012,892304.5044468894,-0.0559204024008938,0.2538448232628288,-0.09946327204213463,-0.14087216105737665,-0.40214063824306717
portfolio,sac,0.0,path_013,path_013,2863274.562943861,0.7010629686352865,0.24062791414954102,2.3300780042719076,3.165883633217389,-0.14287139082299322
portfolio,sac,0.0,path_014,path_014,1707082.2526777117,0.3100589036212238,0.26887214235320295,1.1393163974362661,1.5956610530193573,-0.23222681681884857
portfolio,sac,0.0,path_015,path_015,2863085.2572551616,0.7010061712737004,0.261872242178379,2.161062615467353,3.131705956337568,-0.16234309613406633
portfolio,sac,0.0,path_016,path_016,1062958.9093323795,0.031314410745634014,0.3064416111028813,0.25344631153871083,0.3450197711310611,-0.3892064974521598
portfolio,sac,0.0,path_017,path_017,2738506.1154459,0.663216596710769,0.25030500773334724,2.159009552692844,2.9523994069126536,-0.23865341399622098
portfolio,sac,0.0,path_018,path_018,1375296.5816237947,0.17460420247356745,0.2130625812771406,0.8623857365641592,1.135717954973608,-0.2065916812757941
portfolio,sac,0.0,path_019,path_019,1547679.526605861,0.24678286390669313,0.21446875822613684,1.136217522426229,1.4763314673198125,-0.2618302028961711
